{
    "multipart": [
        {
            "apply": {
                "model": "appliedenergistics2:controller/controller_block_offline"
            },
            "when": {
                "state": "offline",
                "type": "block"
            }
        },
        {
            "apply": {
                "model": "appliedenergistics2:controller/controller_block_online"
            },
            "when": {
                "state": "online",
                "type": "block"
            }
        },
        {
            "apply": {
                "model": "appliedenergistics2:controller/controller_block_conflicted"
            },
            "when": {
                "state": "conflicted",
                "type": "block"
            }
        },
        {
            "apply": {
                "model": "appliedenergistics2:controller/controller_column_offline",
                "x": 90,
                "y": 90
            },
            "when": {
                "state": "offline",
                "type": "column_x"
            }
        },
        {
            "apply": {
                "model": "appliedenergistics2:controller/controller_column_offline"
            },
            "when": {
                "state": "offline",
                "type": "column_y"
            }
        },
        {
            "apply": {
                "model": "appliedenergistics2:controller/controller_column_offline",
                "x": 90
            },
            "when": {
                "state": "offline",
                "type": "column_z"
            }
        },
        {
            "apply": {
                "model": "appliedenergistics2:controller/controller_column_online",
                "x": 90,
                "y": 90
            },
            "when": {
                "state": "online",
                "type": "column_x"
            }
        },
        {
            "apply": {
                "model": "appliedenergistics2:controller/controller_column_online"
            },
            "when": {
                "state": "online",
                "type": "column_y"
            }
        },
        {
            "apply": {
                "model": "appliedenergistics2:controller/controller_column_online",
                "x": 90
            },
            "when": {
                "state": "online",
                "type": "column_z"
            }
        },
        {
            "apply": {
                "model": "appliedenergistics2:controller/controller_column_conflicted",
                "x": 90,
                "y": 90
            },
            "when": {
                "state": "conflicted",
                "type": "column_x"
            }
        },
        {
            "apply": {
                "model": "appliedenergistics2:controller/controller_column_conflicted"
            },
            "when": {
                "state": "conflicted",
                "type": "column_y"
            }
        },
        {
            "apply": {
                "model": "appliedenergistics2:controller/controller_column_conflicted",
                "x": 90
            },
            "when": {
                "state": "conflicted",
                "type": "column_z"
            }
        },
        {
            "apply": {
                "model": "appliedenergistics2:controller/controller_inside_a"
            },
            "when": {
                "state": "offline|online|conflicted",
                "type": "inside_a"
            }
        },
        {
            "apply": {
                "model": "appliedenergistics2:controller/controller_inside_b"
            },
            "when": {
                "state": "offline|online|conflicted",
                "type": "inside_b"
            }
        }
    ]
}
