{
    "display": {
        "icon": {
            "item": "appliedenergistics2:material",
            "data": 1
        },
        "title": {
            "translate": "achievement.ae2.ChargedQuartz"
        },
        "description": {
            "translate": "achievement.ae2.ChargedQuartz.desc"
        }
    },
    "parent": "appliedenergistics2:main/root",
    "criteria": {
        "certus": {
            "trigger": "minecraft:inventory_changed",
            "conditions": {
                "items": [
                    {
                        "item": "appliedenergistics2:material",
                        "data": 1
                    }
                ]
            }
        }
    }
}
