{
    "display": {
        "icon": {
            "item": "appliedenergistics2:sky_compass"
        },
        "title": {
            "translate": "achievement.ae2.Compass"
        },
        "description": {
            "translate": "achievement.ae2.Compass.desc"
        }
    },
    "parent": "appliedenergistics2:main/root",
    "criteria": {
        "compass": {
            "trigger": "minecraft:inventory_changed",
            "conditions": {
                "items": [
                    {
                        "item": "appliedenergistics2:sky_compass"
                    }
                ]
            }
        }
    }
}
