{
    "display": {
        "icon": {
            "item": "appliedenergistics2:controller"
        },
        "title": {
            "translate": "achievement.ae2.Controller"
        },
        "description": {
            "translate": "achievement.ae2.Controller.desc"
        }
    },
    "parent": "appliedenergistics2:main/presses",
    "criteria": {
        "certus": {
            "trigger": "minecraft:inventory_changed",
            "conditions": {
                "items": [
                    {
                        "item": "appliedenergistics2:controller"
                    }
                ]
            }
        }
    }
}
