{
    "display": {
        "icon": {
            "item": "appliedenergistics2:material",
            "data": 7
        },
        "title": {
            "translate": "achievement.ae2.Fluix"
        },
        "description": {
            "translate": "achievement.ae2.Fluix.desc"
        }
    },
    "parent": "appliedenergistics2:main/charged_quartz",
    "criteria": {
        "certus": {
            "trigger": "minecraft:inventory_changed",
            "conditions": {
                "items": [
                    {
                        "item": "appliedenergistics2:material",
                        "data": 7
                    }
                ]
            }
        }
    }
}
