{
    "display": {
        "icon": {
            "item": "appliedenergistics2:network_tool"
        },
        "title": {
            "translate": "achievement.ae2.NetworkTool"
        },
        "description": {
            "translate": "achievement.ae2.NetworkTool.desc"
        }
    },
    "parent": "appliedenergistics2:main/controller",
    "criteria": {
        "network_tool": {
            "trigger": "minecraft:inventory_changed",
            "conditions": {
                "items": [
                    {
                        "item": "appliedenergistics2:network_tool"
                    }
                ]
            }
        }
    }
}
