{
    "display": {
        "icon": {
            "item": "appliedenergistics2:part",
            "data": 460
        },
        "title": {
            "translate": "achievement.ae2.P2P"
        },
        "description": {
            "translate": "achievement.ae2.P2P.desc"
        }
    },
    "parent": "appliedenergistics2:main/cable_glass",
    "criteria": {
        "certus": {
            "trigger": "minecraft:inventory_changed",
            "conditions": {
                "items": [
                    {
                        "type": "appliedenergistics2:part",
                        "part": "P2P_TUNNEL_ME"
                    }
                ]
            }
        }
    }
}
