{
    "display": {
        "icon": {
            "item": "appliedenergistics2:portable_cell"
        },
        "title": {
            "translate": "achievement.ae2.PortableCell"
        },
        "description": {
            "translate": "achievement.ae2.PortableCell.desc"
        }
    },
    "parent": "appliedenergistics2:main/storage_cell",
    "criteria": {
        "portable_cell": {
            "trigger": "minecraft:inventory_changed",
            "conditions": {
                "items": [
                    {
                        "item": "appliedenergistics2:portable_cell"
                    }
                ]
            }
        }
    }
}
