{
    "display": {
        "icon": {
            "item": "appliedenergistics2:quantum_link"
        },
        "title": {
            "translate": "achievement.ae2.QNB"
        },
        "description": {
            "translate": "achievement.ae2.QNB.desc"
        }
    },
    "parent": "appliedenergistics2:main/p2p",
    "criteria": {
        "certus": {
            "trigger": "minecraft:inventory_changed",
            "conditions": {
                "items": [
                    {
                        "item": "appliedenergistics2:quantum_link"
                    }
                ]
            }
        }
    }
}
