{
    "display": {
        "icon": {
            "item": "appliedenergistics2:material",
            "data": 0
        },
        "title": {
            "translate": "achievement.ae2.Root"
        },
        "description": {
            "translate": "achievement.ae2.Root.desc"
        },
        "background": "appliedenergistics2:textures/blocks/sky_stone_brick.png",
        "show_toast": false,
        "announce_to_chat": false
    },
    "criteria": {
        "certus": {
            "trigger": "minecraft:inventory_changed",
            "conditions": {
                "items": [
                    {
                        "item": "appliedenergistics2:material",
                        "data": 0
                    }
                ]
            }
        }
    }
}
