{
    "display": {
        "icon": {
            "item": "appliedenergistics2:part",
            "data": 220
        },
        "title": {
            "translate": "achievement.ae2.StorageBus"
        },
        "description": {
            "translate": "achievement.ae2.StorageBus.desc"
        }
    },
    "parent": "appliedenergistics2:main/interface",
    "criteria": {
        "part": {
            "trigger": "minecraft:inventory_changed",
            "conditions": {
                "items": [
                    {
                        "type": "appliedenergistics2:part",
                        "part": "STORAGE_BUS"
                    }
                ]
            }
        }
    }
}
