{
    "parent": "block/orientable",
    "textures": {
        "particle": "appliedenergistics2:blocks/inscriber",
        "side": "appliedenergistics2:blocks/inscriber",
        "inside": "appliedenergistics2:blocks/inscriber_inside"
    },
    "elements": [
        {
            "name": "bottom",
            "from": [
                1,
                0,
                1
            ],
            "to": [
                15,
                1,
                15
            ],
            "faces": {
                "down": {
                    "texture": "#side",
                    "uv": [
                        1,
                        1,
                        15,
                        15
                    ]
                },
                "east": {
                    "texture": "#side",
                    "uv": [
                        1,
                        0,
                        15,
                        1
                    ]
                },
                "north": {
                    "texture": "#side",
                    "uv": [
                        1,
                        15,
                        15,
                        16
                    ]
                },
                "south": {
                    "texture": "#side",
                    "uv": [
                        1,
                        0,
                        15,
                        1
                    ]
                },
                "west": {
                    "texture": "#side",
                    "uv": [
                        1,
                        0,
                        15,
                        1
                    ]
                }
            }
        },
        {
            "name": "top",
            "from": [
                1,
                15,
                1
            ],
            "to": [
                15,
                16,
                15
            ],
            "faces": {
                "east": {
                    "texture": "#side",
                    "uv": [
                        1,
                        0,
                        15,
                        1
                    ]
                },
                "north": {
                    "texture": "#side",
                    "uv": [
                        1,
                        15,
                        15,
                        16
                    ]
                },
                "south": {
                    "texture": "#side",
                    "uv": [
                        1,
                        0,
                        15,
                        1
                    ]
                },
                "up": {
                    "texture": "#side",
                    "uv": [
                        1,
                        1,
                        15,
                        15
                    ]
                },
                "west": {
                    "texture": "#side",
                    "uv": [
                        1,
                        15,
                        15,
                        16
                    ]
                }
            }
        },
        {
            "name": "left",
            "from": [
                0,
                1,
                0
            ],
            "to": [
                3,
                15,
                16
            ],
            "faces": {
                "down": {
                    "texture": "#side",
                    "uv": [
                        0,
                        1,
                        3,
                        15
                    ]
                },
                "east": {
                    "texture": "#side",
                    "uv": [
                        0,
                        1,
                        16,
                        15
                    ]
                },
                "north": {
                    "texture": "#side",
                    "uv": [
                        13,
                        1,
                        16,
                        15
                    ]
                },
                "south": {
                    "texture": "#side",
                    "uv": [
                        0,
                        1,
                        3,
                        15
                    ]
                },
                "up": {
                    "texture": "#side",
                    "uv": [
                        0,
                        0,
                        3,
                        6
                    ]
                },
                "west": {
                    "texture": "#side",
                    "uv": [
                        0,
                        1,
                        16,
                        15
                    ]
                }
            }
        },
        {
            "name": "right",
            "from": [
                13,
                1,
                0
            ],
            "to": [
                16,
                15,
                16
            ],
            "faces": {
                "down": {
                    "texture": "#side",
                    "uv": [
                        0,
                        1,
                        3,
                        15
                    ]
                },
                "east": {
                    "texture": "#side",
                    "uv": [
                        0,
                        1,
                        16,
                        15
                    ]
                },
                "north": {
                    "texture": "#side",
                    "uv": [
                        0,
                        1,
                        3,
                        15
                    ]
                },
                "south": {
                    "texture": "#side",
                    "uv": [
                        13,
                        1,
                        16,
                        15
                    ]
                },
                "up": {
                    "texture": "#side",
                    "uv": [
                        13,
                        1,
                        16,
                        15
                    ]
                },
                "west": {
                    "texture": "#side",
                    "uv": [
                        0,
                        1,
                        16,
                        15
                    ]
                }
            }
        },
        {
            "name": "back",
            "from": [
                3,
                1,
                13
            ],
            "to": [
                13,
                15,
                16
            ],
            "faces": {
                "down": {
                    "texture": "#side",
                    "uv": [
                        3,
                        0,
                        13,
                        3
                    ]
                },
                "north": {
                    "texture": "#side",
                    "uv": [
                        3,
                        1,
                        13,
                        15
                    ]
                },
                "south": {
                    "texture": "#side",
                    "uv": [
                        3,
                        1,
                        13,
                        15
                    ]
                },
                "up": {
                    "texture": "#side",
                    "uv": [
                        3,
                        0,
                        13,
                        3
                    ]
                }
            }
        },
        {
            "name": "press-bottom",
            "from": [
                3,
                1,
                1
            ],
            "to": [
                13,
                4,
                13
            ],
            "faces": {
                "north": {
                    "texture": "#side",
                    "uv": [
                        3,
                        12,
                        13,
                        15
                    ]
                },
                "up": {
                    "texture": "#side",
                    "uv": [
                        3,
                        1,
                        13,
                        13
                    ]
                }
            }
        },
        {
            "name": "press-top",
            "from": [
                3,
                12,
                1
            ],
            "to": [
                13,
                15,
                11
            ],
            "faces": {
                "down": {
                    "texture": "#side",
                    "uv": [
                        3,
                        1,
                        13,
                        11
                    ]
                },
                "north": {
                    "texture": "#side",
                    "uv": [
                        3,
                        1,
                        13,
                        4
                    ]
                }
            }
        }
    ]
}
