{
    "ae2_uvl_marker": true,
    "parent": "block/block",
    "textures": {
        "all": "appliedenergistics2:blocks/molecular_assembler_lights"
    },
    "elements": [
        {
            "from": [
                2,
                2,
                2
            ],
            "to": [
                14,
                14,
                14
            ],
            "faces": {
                "down": {
                    "texture": "#all",
                    "uv": [
                        2.6,
                        2.6,
                        13.4,
                        13.4
                    ],
                    "cullface": "down"
                },
                "up": {
                    "texture": "#all",
                    "uv": [
                        2.6,
                        2.6,
                        13.4,
                        13.4
                    ],
                    "cullface": "up"
                },
                "north": {
                    "texture": "#all",
                    "uv": [
                        2.6,
                        2.6,
                        13.4,
                        13.4
                    ],
                    "cullface": "north"
                },
                "south": {
                    "texture": "#all",
                    "uv": [
                        2.6,
                        2.6,
                        13.4,
                        13.4
                    ],
                    "cullface": "south"
                },
                "west": {
                    "texture": "#all",
                    "uv": [
                        2.6,
                        2.6,
                        13.4,
                        13.4
                    ],
                    "cullface": "west"
                },
                "east": {
                    "texture": "#all",
                    "uv": [
                        2.6,
                        2.6,
                        13.4,
                        13.4
                    ],
                    "cullface": "east"
                }
            }
        }
    ]
}
