{
    "parent": "block/block",
    "textures": {
        "particle": "appliedenergistics2:blocks/wireless_access_point_inside",
        "inside": "appliedenergistics2:blocks/wireless_access_point_inside",
        "1": "appliedenergistics2:blocks/wireless_access_point",
        "sides": "appliedenergistics2:parts/monitor_sides",
        "sidesStatus": "appliedenergistics2:parts/monitor_sides_status"
    },
    "elements": [
        {
            "from": [
                5,
                5,
                0
            ],
            "to": [
                11,
                11,
                1
            ],
            "faces": {
                "north": {
                    "texture": "#sides"
                },
                "south": {
                    "texture": "#sides"
                },
                "east": {
                    "texture": "#sidesStatus"
                },
                "west": {
                    "texture": "#sidesStatus"
                },
                "up": {
                    "texture": "#sidesStatus"
                },
                "down": {
                    "texture": "#sidesStatus"
                }
            }
        },
        {
            "from": [
                5,
                5,
                1
            ],
            "to": [
                11,
                11,
                2
            ],
            "faces": {
                "north": {
                    "texture": "#inside"
                },
                "south": {
                    "texture": "#inside"
                },
                "east": {
                    "texture": "#sides"
                },
                "west": {
                    "texture": "#sides"
                },
                "up": {
                    "texture": "#sides"
                },
                "down": {
                    "texture": "#sides"
                }
            }
        },
        {
            "name": "Side Antenna I Up",
            "from": [
                6,
                10,
                2
            ],
            "to": [
                10,
                12,
                4
            ],
            "faces": {
                "north": {
                    "texture": "#inside"
                },
                "south": {
                    "texture": "#inside"
                },
                "east": {
                    "texture": "#sides"
                },
                "west": {
                    "texture": "#sides"
                },
                "up": {
                    "texture": "#sides"
                },
                "down": {
                    "texture": "#sides"
                }
            }
        },
        {
            "name": "Side Antenna I Down",
            "from": [
                6,
                4,
                2
            ],
            "to": [
                10,
                6,
                4
            ],
            "faces": {
                "north": {
                    "texture": "#inside"
                },
                "south": {
                    "texture": "#inside"
                },
                "east": {
                    "texture": "#sides"
                },
                "west": {
                    "texture": "#sides"
                },
                "up": {
                    "texture": "#sides"
                },
                "down": {
                    "texture": "#sides"
                }
            }
        },
        {
            "name": "Side Antenna I West",
            "from": [
                4,
                6,
                2
            ],
            "to": [
                6,
                10,
                4
            ],
            "faces": {
                "north": {
                    "texture": "#inside"
                },
                "south": {
                    "texture": "#inside"
                },
                "east": {
                    "texture": "#sides"
                },
                "west": {
                    "texture": "#sides"
                },
                "up": {
                    "texture": "#sides"
                },
                "down": {
                    "texture": "#sides"
                }
            }
        },
        {
            "name": "Side Antenna I East",
            "from": [
                10,
                6,
                2
            ],
            "to": [
                12,
                10,
                4
            ],
            "faces": {
                "north": {
                    "texture": "#inside"
                },
                "south": {
                    "texture": "#inside"
                },
                "east": {
                    "texture": "#sides"
                },
                "west": {
                    "texture": "#sides"
                },
                "up": {
                    "texture": "#sides"
                },
                "down": {
                    "texture": "#sides"
                }
            }
        },
        {
            "name": "Side Antenna II Up",
            "from": [
                7,
                12,
                3
            ],
            "to": [
                9,
                13,
                6
            ],
            "faces": {
                "north": {
                    "texture": "#inside"
                },
                "south": {
                    "texture": "#inside"
                },
                "east": {
                    "texture": "#sides"
                },
                "west": {
                    "texture": "#sides"
                },
                "up": {
                    "texture": "#sides"
                },
                "down": {
                    "texture": "#sides"
                }
            }
        },
        {
            "name": "Side Antenna II Down",
            "from": [
                7,
                3,
                3
            ],
            "to": [
                9,
                4,
                6
            ],
            "faces": {
                "north": {
                    "texture": "#inside"
                },
                "south": {
                    "texture": "#inside"
                },
                "east": {
                    "texture": "#sides"
                },
                "west": {
                    "texture": "#sides"
                },
                "up": {
                    "texture": "#sides"
                },
                "down": {
                    "texture": "#sides"
                }
            }
        },
        {
            "name": "Side Antenna II West",
            "from": [
                3,
                7,
                3
            ],
            "to": [
                4,
                9,
                6
            ],
            "faces": {
                "north": {
                    "texture": "#inside"
                },
                "south": {
                    "texture": "#inside"
                },
                "east": {
                    "texture": "#sides"
                },
                "west": {
                    "texture": "#sides"
                },
                "up": {
                    "texture": "#sides"
                },
                "down": {
                    "texture": "#sides"
                }
            }
        },
        {
            "name": "Side Antenna II East",
            "from": [
                12,
                7,
                3
            ],
            "to": [
                13,
                9,
                6
            ],
            "faces": {
                "north": {
                    "texture": "#inside"
                },
                "south": {
                    "texture": "#inside"
                },
                "east": {
                    "texture": "#sides"
                },
                "west": {
                    "texture": "#sides"
                },
                "up": {
                    "texture": "#sides"
                },
                "down": {
                    "texture": "#sides"
                }
            }
        }
    ]
}
