{
    "textures": {
        "indicator": "appliedenergistics2:parts/monitor_sides_status_off"
    },
    "elements": [
        {
            "from": [
                5,
                5,
                0
            ],
            "to": [
                11,
                11,
                1
            ],
            "faces": {
                "down": {
                    "texture": "#indicator"
                },
                "up": {
                    "texture": "#indicator"
                },
                "east": {
                    "texture": "#indicator"
                },
                "west": {
                    "texture": "#indicator"
                }
            }
        }
    ]
}
