{
  "forge_marker": 1,
  "defaults": {
    "textures": {
      "bottom": "ae2stuff:blocks/grower/top_off",
      "top": "ae2stuff:blocks/grower/top_off",
      "side": "ae2stuff:blocks/grower/side_off"
    },
    "model": "minecraft:cube_bottom_top"
  },
  "variants": {
    "active": {
      "true": {
        "textures": {
          "bottom": "ae2stuff:blocks/grower/top_on",
          "top": "ae2stuff:blocks/grower/top_on",
          "side": "ae2stuff:blocks/grower/side_on"
        }
      },
      "false": {}
    },
    "inventory": {
      "transform": "forge:default-block"
    }
  }
}
