{
    "parent": "appliedenergistics2:item/part/part",
    "textures": {
        "all": "appliedenergistics2:parts/cable_anchor",
        "particle": "appliedenergistics2:parts/cable_anchor"
    },
    "elements": [
        {
            "from": [
                7.0,
                7.0,
                5.0
            ],
            "to": [
                9.0,
                9.0,
                11.0
            ],
            "faces": {
                "north": {
                    "texture": "#all"
                },
                "east": {
                    "texture": "#all"
                },
                "south": {
                    "texture": "#all"
                },
                "west": {
                    "texture": "#all"
                },
                "up": {
                    "texture": "#all"
                },
                "down": {
                    "texture": "#all"
                }
            }
        }
    ]
}
