{
    "parent": "appliedenergistics2:item/part/part",
    "textures": {
        "sides": "appliedenergistics2:parts/plane_sides",
        "plane": "appliedenergistics2:items/part/fluid_annihilation_plane"
    },
    "elements": [
        {
            "name": "Front",
            "from": [
                1,
                1,
                8
            ],
            "to": [
                15,
                15,
                9
            ],
            "faces": {
                "north": {
                    "texture": "plane"
                },
                "south": {
                    "texture": "sides"
                },
                "east": {
                    "texture": "sides"
                },
                "west": {
                    "texture": "sides"
                },
                "up": {
                    "texture": "sides"
                },
                "down": {
                    "texture": "sides"
                }
            }
        },
        {
            "name": "Back",
            "from": [
                5,
                5,
                9
            ],
            "to": [
                11,
                11,
                10
            ],
            "faces": {
                "east": {
                    "texture": "sides"
                },
                "south": {
                    "texture": "sides"
                },
                "west": {
                    "texture": "sides"
                },
                "up": {
                    "texture": "sides"
                },
                "down": {
                    "texture": "sides"
                }
            }
        }
    ]
}
